State,,District,University Type,University Name,College Name,College Type,Address,Website,Management,"Year of Establishment
",Specialised in,Location,Upload Year
Tamil Nadu,,Chennai,State Public University ,"Anna University, Chennai (Id: U-0439)",A.C. College of Technology Campus ,Constituent / University College,"Sardar Patel Road, Anna University, Chennai - 600 025., Chennai",www.annauniv.edu/act/,University,1944,Engineering & Technology,Urban,2018
Tamil Nadu,,Chennai,State Public University ,"Anna University, Chennai (Id: U-0439)",Anand School of Architecture ,Affiliated College,"Kalasalingam Nagar, Old Mahabalipuram Road, Kazhipattur, Chennai",www.aiht.ac.in,Private Un-Aided,2012,Architecture,Rural,2018
Tamil Nadu,,Chennai,State Public University ,"Anna University, Chennai (Id: U-0439)",ANNAI MIRA COLLEGE OF ENGINEERING AND TECHNOLOGY ,Affiliated College,"NH-46, CHENNAI - BENGALURU NATIONAL HIGHWAYS, ARAPPAKKAM, VELLORE",www.amcet.in,Private Un-Aided,2012,Engineering & Technology,Rural,2018
Tamil Nadu,,Chennai,State Public University ,"Anna University, Chennai (Id: U-0439)",Central Institute of Plastics Engineering and Technology ,Affiliated College,"CIPET ( Govt. of India), T.V.K Industrial Estate, Guindy, Chennai",www.cipet.gov.in,Central Government,1968,Technical,Urban,2018
Tamil Nadu,,Chennai,State Public University ,"Anna University, Chennai (Id: U-0439)","College of Engg., Guindy Campus ",Constituent / University College,"3, SARDAR PATEL ROAD, CHENNAI - 600025",www.annauniv.edu,State Government,1794,No,Urban,2018
Tamil Nadu,,Chennai,State Public University ,"Anna University, Chennai (Id: U-0439)",DA VINCI SCHOOL OF DESIGN AND ARCHITECTURE ,Affiliated College,"Rajiv Gandhi Salai, Karapakkam, Chennai",www.davinci.edu.in,Private Un-Aided,2012,No,Urban,2018
Tamil Nadu,,Chennai,State Public University ,"Anna University, Chennai (Id: U-0439)",Jawahar Engineering College ,Affiliated College,"Sabarmathi 54 KK Road Kaverirangan Nagar Saligramam, Chennai",www.jecchennai.in,Private Un-Aided,2010,Engineering & Technology,Urban,2018
Tamil Nadu,,Chennai,State Public University ,"Anna University, Chennai (Id: U-0439)",Jawahar School of Architecture Planning and Design ,Affiliated College,"""Sabarmathi"", No:54, K.K.Road, Kaverirangan Nagar, Saligramam (Near Vadapalani), Chennai",www.jawaharvidyalayachennai.in,Private Un-Aided,2015,Architecture,Urban,2018
Tamil Nadu,,Chennai,State Public University ,"Anna University, Chennai (Id: U-0439)",KUMARAN INSTITUTE OF TECHNOLOGY ,Affiliated College,"NEAR NANDIAMBAKKAM RAILWAY STATION, NANDIAMBAKKAM, CHENNAI - 600120",www.kitchennai.org,Private Un-Aided,2012,No,Rural,2018
Tamil Nadu,,Chennai,State Public University ,"Anna University, Chennai (Id: U-0439)",Loyola-ICAM College of Engineering and Technology ,Affiliated College,"Loyola College Campus, Nungambakkam, Chennai",licet.ac.in,Private Un-Aided,2010,Engineering & Technology,Urban,2018
Tamil Nadu,,Chennai,State Public University ,"Anna University, Chennai (Id: U-0439)",Madras Institute of Technology Campus ,Constituent / University College,"0, 0, 0",www.annauniv.edu,State Government,1949,No,Urban,2018
Tamil Nadu,,Chennai,State Public University ,"Anna University, Chennai (Id: U-0439)",MEASI Academy of Architecture ,Affiliated College,"""Association Gardens"" 87, Peters Road,, Royapettah, Chennai",measiarch.in,Private Un-Aided,1999,Architecture,Urban,2018
Tamil Nadu,,Chennai,State Public University ,"Anna University, Chennai (Id: U-0439)",Meenakshi College of Engineering ,Affiliated College,"No.12 Venbuliamman Kovil Street, West K.K.Nagar, Chennai",www.mce-edu.in,Private Un-Aided,2001,Technical,Urban,2018
Tamil Nadu,,Chennai,State Public University ,"Anna University, Chennai (Id: U-0439)",Meenakshi Sundararajan Engineering College ,Affiliated College,"363  ARCOT ROAD, KODAMBAKKAM, CHENNAI",www.msec.edu.in,Private Un-Aided,2001,Engineering & Technology,Urban,2018
Tamil Nadu,,Chennai,State Public University ,"Anna University, Chennai (Id: U-0439)",MISRIMAL NAVAJEE MUNOTH JAIN SCHOOL OF ARCHITECTURE ,Affiliated College,"GURUMARUDHAR KESERI BUILDING, JYOTHI NAGAR, THORAIPAKKAM, CHENNAI",www.mnmjsa.com,Private Un-Aided,2012,Architecture,Urban,2018
Tamil Nadu,,Chennai,State Public University ,"Anna University, Chennai (Id: U-0439)",RVS PADMAVATHY SCHOOL OF ARCHITECTURE ,Affiliated College,"No13, Sethilpakkam Village,Roshanagaram Post, Madarpakkam, Gummidipoondi Taluk pin 601202, Thiruvallur district, Chennai",www.rvschennai.com,Private Un-Aided,2011,Architecture,Rural,2018
Tamil Nadu,,Chennai,State Public University ,"Anna University, Chennai (Id: U-0439)",School of Architecture & Planning Campus ,Constituent / University College,"Anna University, Sardar Patel Road, Guindy, Chennai",www.annauniv.edu/sap,University,1957,Architecture,Urban,2018
Tamil Nadu,,Chennai,State Public University ,"Anna University, Chennai (Id: U-0439)","ST. JOSEPH'S INSTITUTE OF TECHNOLOGY, OMR ",Affiliated College,"OLD MAMALLAPURAM ROAD, CHENNAI, CHENNAI",www.stjosephstechnology.ac.in,Private Un-Aided,2011,Engineering & Technology,Urban,2018
Tamil Nadu,,Chennai,State Public University ,"Anna University, Chennai (Id: U-0439)",VEDHANTHA INSTITUTE OF TECHNOLOGY ,Affiliated College,"NH-45,chennai-trichy highway, padur, NH-45,chennai-trichy highway, padur, Villupuram",vedhantha.edu.in,Private Un-Aided,2012,No,Rural,2018
Tamil Nadu,,Chennai,Institute of National Importance ,Dakshina Bharat Hindi Prachar Sabha (Id: U-0452),RAJAJI COLLEGE OF EDUCATION ,Constituent / University College,"POST GRADUATE AND RESEARCH COMPLEX, UNIVERSITY WING, DAKSHINA BHARAT HINDI PRACHAR SABHA, T.NAGAR, CHENNAI",www.dbhps-rajajibedcollege.org,Private Un-Aided,1986,No,Urban,2018
Tamil Nadu,,Chennai,Deemed University-Government ,"Homi Bhabha National Institute, Mumbai (Id: U-0304)",The Institute of Mathematical Sciences,Constituent / University College,"4th Cross Street, C.I.T. Campus, Chennai",www.imsc.res.in,Central Government,1962,Science,Urban,2018
Tamil Nadu,,Chennai,Central University ,Indian Maritime University (Id: U-0457),"INDIAN MARITIME UNIVERSITY, CHENNAI ",Constituent / University College,"East Coast Road, Uthandi, Chennai",www.imu.edu.in,Central Government,1986,Maritime University,Urban,2018
Tamil Nadu,,Chennai,State Public University ,"Madras University, Chennai (Id: U-0462)",ALPHA ARTS AND SCIENCE COLLEGE ,Affiliated College,"Post Box No: 30, Alpha Nagar,, Thundalam, Porur,, Chennai",http://www.alphagroup.edu,Private Un-Aided,1996,Arts and Science,Urban,2018
Tamil Nadu,,Chennai,State Public University ,"Madras University, Chennai (Id: U-0462)",AM JAIN COLLEGE ,Affiliated College,"MEENAMBAKKAM, CHENNAI",www.amjaincollege.edu.in,Private Aided,1952,No,Urban,2018
Tamil Nadu,,Chennai,State Public University ,"Madras University, Chennai (Id: U-0462)",ANNA ADARSH COLLEGE FOR WOMEN ,Affiliated College,"A1, II Street, 9th Main Road,, Anna Nagar, Chennai - 600 040",annaadarsh.edu.in,Private Un-Aided,1985,No,Urban,2018
Tamil Nadu,,Chennai,State Public University ,"Madras University, Chennai (Id: U-0462)",ANNAI THERESA ARTS AND SCIENCE COLLEGE ,Affiliated College,"SADRAS ROAD  MANGALAM, THIRUKAZHUKUNDRAM  KANCHIPURAM DIST  603109, CHENNAI",www.atasctkm.com,Private Un-Aided,1997,No,Rural,2018
Tamil Nadu,,Chennai,State Public University ,"Madras University, Chennai (Id: U-0462)",ANNAI VEILANKANNIS COLLEGE OF ARTS AND SCIENCE ,Affiliated College,"81/33, VGP SALAI, WEST SAIDAPET, CHENNAI- 600 015",www.annaiveilankannis.com,Private Un-Aided,2000,No,Urban,2018
Tamil Nadu,,Chennai,State Public University ,"Madras University, Chennai (Id: U-0462)",ANNAI VIOLET ARTS AND SCIENCE COLLEGE ,Affiliated College,"53,VIOLET COLLEGE ROAD, MENAMBEDU, AMBATTUR, CHENNAI",www.violetcollege.in,Private Un-Aided,1997,No,Urban,2018
Tamil Nadu,,Chennai,State Public University ,"Madras University, Chennai (Id: U-0462)",APOLLO ARTS AND SCIENCE COLLEGE ,Affiliated College,"MEVALURKUPPAM VILLAGE, VALARPURAM POST, SRIPERUMBUDUR TAK, KANCHEEPURAM DIST, CHENNAI",www.apollocolleges.in,Private Un-Aided,2005,No,Rural,2018
Tamil Nadu,,Chennai,State Public University ,"Madras University, Chennai (Id: U-0462)",ARINGAR ANNA INSTITUTE OF MANAGEMENT STUDIES AND COMPUTER APPLICATION ,Affiliated College,"Dr G Jayarama Nagar , Pennalur, Sriperumbudur, Chennai",www.aaimsca.in,Private Un-Aided,2002,Management,Rural,2018
Tamil Nadu,,Chennai,State Public University ,"Madras University, Chennai (Id: U-0462)",ASAN MEMORIAL COLLEGE OF ARTS AND SCIENCE ,Affiliated College,"Velachery-Tambaram Road, Pallikaranai, Chennai",www.asaneducation.com,Private Un-Aided,1994,No,Urban,2018
Tamil Nadu,,Chennai,State Public University ,"Madras University, Chennai (Id: U-0462)",BHAKTHAVATCHALAM MEMORIAL COLLEGE ,Affiliated College,"No.14, 31st Street, Periyar Nagar, Korattur, Chennai",www.bmc.ac.in,Private Un-Aided,1993,Arts,Urban,2018
Tamil Nadu,,Chennai,State Public University ,"Madras University, Chennai (Id: U-0462)",BHARATHI WOMENS COLLEGE ,Affiliated College,"BROADWAY, 1,PRAKASAM SALAI, CHENNAI",www.bharathicollege.net,State Government,1964,No,Urban,2018
Tamil Nadu,,Chennai,State Public University ,"Madras University, Chennai (Id: U-0462)",CHELLAMMAL WOMENS COLLEGE ,Affiliated College,"112, Anna Salai,, Guindy, Chennai",www.chellammal.edu.in,Private Aided,1971,No,Urban,2018
Tamil Nadu,,Chennai,State Public University ,"Madras University, Chennai (Id: U-0462)",CHENNAI NATIONAL ARTS AND SCIENCE COLLEGE ,Affiliated College,"College Road, Avadi, Chennai - 600 054",www.cnasc.edu.in,Private Un-Aided,1998,No,Urban,2018
Tamil Nadu,,Chennai,State Public University ,"Madras University, Chennai (Id: U-0462)",CHEVALIER T THOMAS ELIZABETH COLLEGE FOR WOMEN ,Affiliated College,"No.16, St.Mary's Road,Mary Land,Sembium, Chennai-600 011, Chennai",www.cttewc.edu.in,Private Un-Aided,1985,No,Urban,2018
Tamil Nadu,,Chennai,State Public University ,"Madras University, Chennai (Id: U-0462)",CHRIST ARTS AND SCIENCE COLLEGE ,Affiliated College,"Kilachery Village & Post, Perambakkam via, Thiruvallur TK & DT - 631 402, Chennai",www.christcollegekilachery.com,Private Un-Aided,2008,No,Rural,2018
Tamil Nadu,,Chennai,State Public University ,"Madras University, Chennai (Id: U-0462)",C KANDASWAMY COLLEGE FOR MEN ,Affiliated College,"NO.E7 3RD AVENUE, ANNA NAGAR EAST, CHENNAI",www.cknc.edu.in,Private Aided,1967,No,Urban,2018
Tamil Nadu,,Chennai,State Public University ,"Madras University, Chennai (Id: U-0462)",CSI EWARTS WOMENS CHRISTIAN COLLEGE ,Affiliated College,"Melrosapuram 603204, S.P KOIL, Kancheepuram",www.csiewartcollege.edu.in,Private Aided,1997,No,Rural,2018
Tamil Nadu,,Chennai,State Public University ,"Madras University, Chennai (Id: U-0462)",DB JAIN COLLEGE ,Affiliated College,"JYOTHI NAGAR, RAJIV GANDHI SALAI, THORAPAKKAM, CHENNAI",dbjaincollege.org,Private Aided,1972,Arts,Rural,2018
Tamil Nadu,,Chennai,State Public University ,"Madras University, Chennai (Id: U-0462)",DG VAISHNAV COLLEGE ,Affiliated College,"833 periyar EVR Salai, Arumbakkam, Chennai",www.dgvaishnavcollege.edu.in,Private Aided,1964,Arts,Urban,2018
Tamil Nadu,,Chennai,State Public University ,"Madras University, Chennai (Id: U-0462)",DR AMBEDKAR GOVT ARTS COLLEGE ,Affiliated College,"ERUKENCHERRY HIGH ROAD, VYASARPADI, CHENNAI",www.daga.co.in,State Government,1973,No,Urban,2018
Tamil Nadu,,Chennai,State Public University ,"Madras University, Chennai (Id: U-0462)",DRBCCC HINDU COLLEGE ,Affiliated College,"Dharmamurthy Nagar,, Pattabiram,, Chennai",www.drbccchinducollege.ac.in,Private Aided,1969,No,Urban,2018
Tamil Nadu,,Chennai,State Public University ,"Madras University, Chennai (Id: U-0462)",DR MGR JANAKI COLLEGE OF ARTS AND SCIENCE ,Affiliated College,"11&13,Durgabai Deshmuk Road, Raja Annamalai Puram, Chennai",www.mgrjanaki.ac.in,Private Un-Aided,1996,No,Urban,2018
Tamil Nadu,,Chennai,State Public University ,"Madras University, Chennai (Id: U-0462)",ES SUBRAMANIAM MEMORIAL COLLEGE OF ARTS AND SCIENCE ,Affiliated College,"Sanjeeviyar Campus, Podhattoorpet - 631 208, Thiruvallur district",www.essmcolleges.com,Private Un-Aided,2011,No,Rural,2018
Tamil Nadu,,Chennai,State Public University ,"Madras University, Chennai (Id: U-0462)",ETHIRAJ COLLEGE FOR WOMEN ,Affiliated College,"No70,Ethiraj College for Women, Autonomous, Egmore, Chennai",www.ethirajcollege.in,Private Aided,1948,No,Urban,2018
Tamil Nadu,,Chennai,State Public University ,"Madras University, Chennai (Id: U-0462)",GAC FOR MEN ,Affiliated College,"329, ANNA SALAI, NANDANAM, CHENNAI",www.gacnandanam.com,State Government,1901,No,Urban,2018
Tamil Nadu,,Chennai,State Public University ,"Madras University, Chennai (Id: U-0462)",GURU NANAK COLLEGE ,Affiliated College,"Velachery Main Road,, 0, Chennai - 600042",www.gurunanakcollege.edu.in,Private Aided,1971,No,Urban,2018
Tamil Nadu,,Chennai,State Public University ,"Madras University, Chennai (Id: U-0462)",GURU SHREE SHANTHI VIJAI JAIN COLLEGE FOR WOMEN ,Affiliated College,"NO-96, VEPERY HIGH ROAD, CHENNAI",www.gssjcollege.in,Private Un-Aided,1991,No,Urban,2018
Tamil Nadu,,Chennai,State Public University ,"Madras University, Chennai (Id: U-0462)",HINDUSTAN COLLEGE OF ARTS AND SCIENCE ,Affiliated College,"Rajiv Gandhi Salai,, Padur, Kelambakkam,, Chennai - 603 103.",www.hcaschennai.edu.in,Private Un-Aided,1995,No,Rural,2018
Tamil Nadu,,Chennai,State Public University ,"Madras University, Chennai (Id: U-0462)",INSTITUTE OF ENGINEERING TECHNOLOGY ,Affiliated College,"363, Arcot Road, Kodambakkam, Chennai",www.mssm.mba,Private Un-Aided,2001,Management,Urban,2018
Tamil Nadu,,Chennai,State Public University ,"Madras University, Chennai (Id: U-0462)",JAYA COLLEGE OF ARTS AND SCIENCE ,Affiliated College,"M.T.H ROAD, THIRUNINRAVUR, CHENNAI",WWW.jcas.co.in,Private Un-Aided,1992,No,Rural,2018
Tamil Nadu,,Chennai,State Public University ,"Madras University, Chennai (Id: U-0462)",JAYAGOVIND HARIGOPAL AGARWAL AGARSEN COLLEGE ,Affiliated College,"No.1, Manjambakkam Road, Madhavaram, Chennai",www.agarsencollege.com,Private Un-Aided,2000,No,Rural,2018
Tamil Nadu,,Chennai,State Public University ,"Madras University, Chennai (Id: U-0462)",JUSTICE BASHER AHMED SAYEED COLLEGE FOR WOMEN ,Affiliated College,"56 K B Dasan Road, Teynampet, Chennai",www.jbascollege.edu.in,State Government,1955,No,Urban,2018
Tamil Nadu,,Chennai,State Public University ,"Madras University, Chennai (Id: U-0462)",KANCHI SHRI KRISHNA COLLEGE OF ARTS AND SCIENCE ,Affiliated College,"Kilambi, Krishnapuram Post, Kancheepuram, Kanchipuram",www.kanchikrishnacollege.com,Private Un-Aided,1994,Arts and Science,Rural,2018
Tamil Nadu,,Chennai,State Public University ,"Madras University, Chennai (Id: U-0462)",KCS KASI NADAR COLLEGE OF ARTS AND SCIENCE ,Affiliated College,"No:96,ELLAYA MUDALI STREET,R.K.NAGAR, CHENNAI",www.kcskasinadarcollege.in,Private Un-Aided,1999,No,Urban,2018
Tamil Nadu,,Chennai,State Public University ,"Madras University, Chennai (Id: U-0462)",KUMARARANI MEENA MUTHIAH COLLEGE OF ARTS AND SCIENCE ,Affiliated College,"No : 4, Crescent Avenue Road, Gandhi Nagar, Adyar, Chennai - 20",www.krmmc@ac.in,Private Un-Aided,1996,No,Urban,2018
Tamil Nadu,,Chennai,State Public University ,"Madras University, Chennai (Id: U-0462)",L N GOVT COLLEGE ,Affiliated College,"44,T.H. Road, Ponneri-601 204, Thiruvallur",http://www.lngovernmentcollege.com,State Government,1965,No,Rural,2018
Tamil Nadu,,Chennai,State Public University ,"Madras University, Chennai (Id: U-0462)",LOYOLA COLLEGE ,Affiliated College,"Loyola College, Sterling Road, Nungambakkam, Chennai - 600 034",www.loyolacollege.edu,Private Aided,1925,"Arts, Commerce and Science",Urban,2018
Tamil Nadu,,Chennai,State Public University ,"Madras University, Chennai (Id: U-0462)",MADHA ARTS AND SCIENCE COLLEGE ,Affiliated College,"ERANDAMKATTALAI, SADHANANDHAPURAM, CHENNAI",www.madhaartsandscience.com,Private Un-Aided,2006,No,Rural,2018
Tamil Nadu,,Chennai,State Public University ,"Madras University, Chennai (Id: U-0462)",MADRAS CHRISTIAN COLLEGE ,Affiliated College,"Tambaram East, Chennai",www.mcc.edu.in,Private Aided,1867,No,Urban,2018
Tamil Nadu,,Chennai,State Public University ,"Madras University, Chennai (Id: U-0462)",MADRAS SCHOOL OF SOCIAL WORK ,Affiliated College,"32 CASA MAJOR ROAD,, EGMORE,, CHENNAI",www.mssw.in,Private Aided,1952,Social Work,Urban,2018
Tamil Nadu,,Chennai,State Public University ,"Madras University, Chennai (Id: U-0462)",MAHALAKSHMI COLLEGE OF ARTS AND SCIENCE ,Affiliated College,"No:1, MAHALASHMI NAGAR,, PARUTHIPATTU,AVADI,CHENNAI-71, CHENNAI",,Private Un-Aided,1998,No,Rural,2018
Tamil Nadu,,Chennai,State Public University ,"Madras University, Chennai (Id: U-0462)",MALOLAN COLLEGE OF ARTS AND SCIENCE ,Affiliated College,"Mocheri Road, Madurantakam, Kanchipuram",www.srimalolancollege.ac.in,Private Un-Aided,2010,No,Rural,2018
Tamil Nadu,,Chennai,State Public University ,"Madras University, Chennai (Id: U-0462)",MAR GREGORIOS COLLEGE ,Affiliated College,"BLOCK NO 8,COLLEGE ROAD, MOGAPPAIR WEST, CHENNAI",mgcchennai.ac.in,University,1997,No,Urban,2018
Tamil Nadu,,Chennai,State Public University ,"Madras University, Chennai (Id: U-0462)",MD SATHAK COLLEGE OF ARTS AND SCIENCE ,Affiliated College,"No. 13, Medavakkam Road, Sholinganallur, Chennai- 600 119",www.mscartsandscience-edu.in,Private Un-Aided,1991,"Arts, Science, Commerce, Computer Science, Management and Hotel Mgmt.",Urban,2018
Tamil Nadu,,Chennai,State Public University ,"Madras University, Chennai (Id: U-0462)",MEASI INSTITUTE OF INFORMATION TECHNOLOGY ,Affiliated College,"87, PETERS ROAD, ROYAPETTAH, CHENNAI",www.measiit.com,Private Un-Aided,2002,Computer Application,Urban,2018
Tamil Nadu,,Chennai,State Public University ,"Madras University, Chennai (Id: U-0462)",MEASI INSTITUTE OF MANAGEMENT ,Affiliated College,"ASSOCIATION GARDEN,, NO.147/87 PETERS ROAD, ROYAPETTAH, CHENNAI",www.measimba.ac.in,Private Un-Aided,1987,Management,Urban,2018
Tamil Nadu,,Chennai,State Public University ,"Madras University, Chennai (Id: U-0462)",MEENAKSHI AMMAL ARTS AND SCIENCE COLLEGE ,Affiliated College,"MALLIYANKARANAI, UTHIRAMERUR -603406, UTHIRAMERUR TALUK, KANCHEEPURAM DISTRICT",www.maasc.edu.in,Private Un-Aided,2001,No,Rural,2018
Tamil Nadu,,Chennai,State Public University ,"Madras University, Chennai (Id: U-0462)",MEENAKSHI COLLEGE FOR WOMEN ,Affiliated College,"363, Arcot Road, Kodambakkam, Chennai - 24, Chennai",www.meenakshicollege.com,Private Aided,1975,No,Urban,2018
Tamil Nadu,,Chennai,State Public University ,"Madras University, Chennai (Id: U-0462)",MOP VAISHNAV COLLEGE FOR WOMEN ,Affiliated College,"No.20, IV Lane, Nungambakkam High Road,, Nungambakkam, Chennai - 600 005",www.mopvc.edu.in,Private Un-Aided,1992,No,Urban,2018
Tamil Nadu,,Chennai,State Public University ,"Madras University, Chennai (Id: U-0462)",NATESAN INSTITUTE OF CO-OPERATIVE MANAGEMENT ,Affiliated College,"2377-A, IV Avenue, Annanagar",www.nicmchennai.in,Central Government,1954,No,Urban,2018
Tamil Nadu,,Chennai,State Public University ,"Madras University, Chennai (Id: U-0462)",NAZARETH COLLEGE OF ARTS AND SCIENCE ,Affiliated College,"Kovilpathagai Main Road, Kanadaplayam, Avadi, Chennai",www.ncas.in,Private Un-Aided,2000,No,Rural,2018
Tamil Nadu,,Chennai,State Public University ,"Madras University, Chennai (Id: U-0462)",NEW COLLEGE ,Affiliated College,"Association Gardens, New No: 147, Old No.87, Peters Road, Royapettah, Chennai",www.thenewcollege.in,Private Aided,1951,No,Urban,2018
Tamil Nadu,,Chennai,State Public University ,"Madras University, Chennai (Id: U-0462)",NEW PRINCE SHRI BHAVANI ARTS AND SCIENCE COLLEGE ,Affiliated College,"PATEL ROAD,, MEDAVAKKAM,, CHENNAI - 100",www.npsb.edu.in,Private Un-Aided,1999,No,Rural,2018
Tamil Nadu,,Chennai,State Public University ,"Madras University, Chennai (Id: U-0462)",PACHAIYAPPAS COLLEGE CHENNAI ,Affiliated College,"113, EVR PERIYAR HIGH ROAD, SHENOY NAGAR, CHENNAI",www.pachaiyappaschennai.net,Private Aided,1841,Arts,Urban,2018
Tamil Nadu,,Chennai,State Public University ,"Madras University, Chennai (Id: U-0462)",PACHAIYAPPAS COLLEGE FOR MEN ,Affiliated College,"Periyar Nagar, Little Kanchipuram, Kanchipuram",www.pachaiyappascollegeformen.in,Private Aided,1950,No,Rural,2017
Tamil Nadu,,Chennai,State Public University ,"Madras University, Chennai (Id: U-0462)",PACHAIYAPPAS COLLEGE FOR WOMEN ,Affiliated College,"Vegavathi nathi road, Kanchipuram - 631501, ---, Kanchipuram",---,Private Aided,1967,No,Rural,2018
Tamil Nadu,,Chennai,State Public University ,"Madras University, Chennai (Id: U-0462)",PATRICIAN COLLEGE OF ARTS AND SCIENCE ,Affiliated College,"Canal Bank Road, Gandhi Nagar, Adyar, Chennai",www.patriciancollege.ac.in,Private Un-Aided,2001,No,Urban,2018
Tamil Nadu,,Chennai,State Public University ,"Madras University, Chennai (Id: U-0462)",PATTAMMAL ALAGESAN COLLEGE OF ARTS AND SCIENCE ,Affiliated College,"athur, chengalpattu, kanchipuram(dt)",pattammalcollege.org,Private Un-Aided,2000,No,Rural,2018
Tamil Nadu,,Chennai,State Public University ,"Madras University, Chennai (Id: U-0462)",PRESIDENCY COLLEGE ,Affiliated College,"No.100, Kamarajar Salai, Triplicane, Chennai",www.presidencychennai.com,State Government,1840,No,Urban,2018
Tamil Nadu,,Chennai,State Public University ,"Madras University, Chennai (Id: U-0462)",PRINCE SHRI VENKATESHWARA ARTS AND SCIENCE COLLEGE ,Affiliated College,"venkateshwara nagar, gowrivakkam, chennai",,Private Un-Aided,1995,No,Rural,2018
Tamil Nadu,,Chennai,State Public University ,"Madras University, Chennai (Id: U-0462)",PROF DHANAPALAN COLLEGE FOR WOMEN ,Affiliated College,"Old Mahabalipuram Road, Kelambakkam., Chennai - 603 103., Chennai",www.dhanapalancollege.com,Private Un-Aided,1991,No,Rural,2018
Tamil Nadu,,Chennai,State Public University ,"Madras University, Chennai (Id: U-0462)",QUAID E MILLETH COLLEGE FOR MEN ,Affiliated College,"Tambaram - Velachery Road,, Medavakkam,, Chennai",www.qmcmen.com,Private Aided,1975,No,Rural,2018
Tamil Nadu,,Chennai,State Public University ,"Madras University, Chennai (Id: U-0462)",QUAID E MILLETH GOVT COLLEGE FOR WOMEN ,Affiliated College,"No.74, Binny Road, Anna Salai, Chennai 600002",www.qmgcw.in,State Government,1974,No,Urban,2018
Tamil Nadu,,Chennai,State Public University ,"Madras University, Chennai (Id: U-0462)",QUEEN MARYS COLLEGE ,Affiliated College,"Kamarajar Salai, Mylapore, Chennai",www.queenmarys.com,State Government,1914,No,Urban,2018
Tamil Nadu,,Chennai,State Public University ,"Madras University, Chennai (Id: U-0462)",RAJESWARI VEDACHALAM GOVT ARTS COLLEGE ,Affiliated College,"G.S.T Road, Chengalpattu, Chengalpattu",www.rvgartscollege.in,State Government,1970,No,Rural,2018
Tamil Nadu,,Chennai,State Public University ,"Madras University, Chennai (Id: U-0462)",RAMAKRISHNA MISSION VIVEKANANDA COLLEGE ,Affiliated College,"70-72, P S Sivasami Salai, Mylapore, Chennai",rkmvc.ac.in,Private Aided,1946,No,Urban,2018
Tamil Nadu,,Chennai,State Public University ,"Madras University, Chennai (Id: U-0462)",RB GOTHI JAIN COLLEGE FOR WOMEN ,Affiliated College,"# 13, Sothupakkam Darkash Road,, Pulliline, Chennai",www.rbgjaincollege.in,Private Un-Aided,2007,No,Rural,2018
Tamil Nadu,,Chennai,State Public University ,"Madras University, Chennai (Id: U-0462)",SANTHOSHI ARTS AND SCIENCE COLLEGE ,Affiliated College,"PAIYAMBADI VILLGAGE, POLAMBAKKAM, MADURANTHAKAM (P.O) ,KANCHEEPURAM DISTRICT",www.srisanthoshi.com,Private Un-Aided,2008,No,Rural,2018
Tamil Nadu,,Chennai,State Public University ,"Madras University, Chennai (Id: U-0462)",SDNB VAISHNAV COLLEGE ,Affiliated College,"Radha Nagar, Chromepet, Chennai","www.sdnbvc.com,www.sdnbvc.in",Private Aided,1968,No,Urban,2018
Tamil Nadu,,Chennai,State Public University ,"Madras University, Chennai (Id: U-0462)",SHREE CHANDRAPRABU JAIN COLLEGE ,Affiliated College,"kattur Road,Minjur, chennai metro, Tamilnadu",contact@scpjaincollege.com,Private Un-Aided,1997,No,Rural,2018
Tamil Nadu,,Chennai,State Public University ,"Madras University, Chennai (Id: U-0462)",SHRI KRISHNASWAMY COLLEGE FOR WOMEN ,Affiliated College,"AC-48, 6TH MAIN ROAD, ANNA NAGAR, CHENNAI",www.shrikrishnaswamycollegeforwomen.com,Private Un-Aided,2010,No,Urban,2018
Tamil Nadu,,Chennai,State Public University ,"Madras University, Chennai (Id: U-0462)",Shri Shankarlal Sundarbai Shasun Jain College for Women ,Affiliated College,"No.3, MADLEY ROAD,, T.NAGAR, CHENNAI",WWW.SHASUNCOLLEGE.EDU.IN,Private Un-Aided,2005,No,Urban,2018
Tamil Nadu,,Chennai,State Public University ,"Madras University, Chennai (Id: U-0462)",SINDHI COLLEGE OF ARTS AND SCIENCE ,Affiliated College,"146,Poonamallee High Road,",www.sindhicollege.in,Private Un-Aided,1991,No,Rural,2018
Tamil Nadu,,Chennai,State Public University ,"Madras University, Chennai (Id: U-0462)",SIR THEAGARAYA COLLEGE ,Affiliated College,"New No.1047, old No.345,, T.H. Road, Old Washermanpet,, Chennai  - 600 021.",www.sirtheagarayacollege.com,Private Aided,1950,No,Urban,2018
Tamil Nadu,,Chennai,State Public University ,"Madras University, Chennai (Id: U-0462)",SIVET COLLEGE ,Affiliated College,"Velachery - Tambaram Main Road, Gowrivakkam, Chennai",www.sivet.com,State Government,1966,No,Rural,2018
Tamil Nadu,,Chennai,State Public University ,"Madras University, Chennai (Id: U-0462)",SOKA IKEDA COLLEGE OF ARTS AND SCIENCE FOR WOMEN ,Affiliated College,"Sethu Bhaskara Nagar, Madhanangkuppam, Chennai",sokaikedacollege.in,Private Un-Aided,2000,Arts,Rural,2018
Tamil Nadu,,Chennai,State Public University ,"Madras University, Chennai (Id: U-0462)",SREE MUTHUKUMARASWAMY COLLEGE ,Affiliated College,"92/1 &9, 8TH BLOCK, MUTHAMIZH NAGAR, CHENNAI-118, CHENNAI",www.sreemuthukumaraswamy.com,Private Un-Aided,1997,No,Urban,2018
Tamil Nadu,,Chennai,State Public University ,"Madras University, Chennai (Id: U-0462)",SRI AHOBILA MUTH SANSKRIT COLLEGE ,Affiliated College,"53, Sannadhi Street, Madhuranthakam 603 306",,Private Aided,1942,Oriental Learning,Rural,2017
Tamil Nadu,,Chennai,State Public University ,"Madras University, Chennai (Id: U-0462)",SRIDEVI ARTS AND SCIENCE COLLEGE ,Affiliated College,"Krishnapuram, Ponneri -601204, Krishnapuram, Ponneri -601 204, Ponneri",www.srideviartsandscience.com,Private Un-Aided,2001,No,Rural,2018
Tamil Nadu,,Chennai,State Public University ,"Madras University, Chennai (Id: U-0462)",SRI KANYAKA PARAMESWARI ARTS AND SCIENCE COLLEGE FOR WOMEN ,Affiliated College,"NO.1, AUDIAPPA STREET, PARRYS, CHENNAI",skpc.edu.in,Private Aided,1999,Arts And Science,Urban,2018
Tamil Nadu,,Chennai,State Public University ,"Madras University, Chennai (Id: U-0462)",SRI MUTHUKUMARAN ARTS AND SCIENCE COLLEGE ,Affiliated College,"CHIKKARAYAPURAM, KUNDRATHUR, CHENNAI",www.smasc.edu.in,Private Un-Aided,2001,No,Rural,2018
Tamil Nadu,,Chennai,State Public University ,"Madras University, Chennai (Id: U-0462)",SRIRAM COLLEGE OF ARTS AND SCIENCE ,Affiliated College,"PERUMALPATTU, THIRUVALLUR DISTRICT, THIRUVALLUR",www.sriramcolleges.com,Private Un-Aided,1998,No,Rural,2018
Tamil Nadu,,Chennai,State Public University ,"Madras University, Chennai (Id: U-0462)",SRI SANKARA COLLEGE OF ARTS AND SCIENCE ,Affiliated College,"ENATHUR, KANCHIPURAM, KANCHIPURAM",www.sankaracollege.edu.in,Private Un-Aided,1991,No,Rural,2018
Tamil Nadu,,Chennai,State Public University ,"Madras University, Chennai (Id: U-0462)",SRI SUBRAMANIYA SWAMY GOVT ARTS COLLEGE ,Affiliated College,"Chennai-Tirupathi High ways,, Tiruttani, Chennai",www.ssgac.com,State Government,1970,Arts,Rural,2018
Tamil Nadu,,Chennai,State Public University ,"Madras University, Chennai (Id: U-0462)",SRM ARTS AND SCIENCE COLLEGE ,Affiliated College,"SRM NAGAR,, KATTANKULATHUR, POTHERI, CHENNAI",www.srmasc.ac.in,Private Un-Aided,1993,No,Rural,2018
Tamil Nadu,,Chennai,State Public University ,"Madras University, Chennai (Id: U-0462)",SSKV COLLEGE OF ARTS AND SCIENCE FOR WOMEN ,Affiliated College,"KRISHNAPURAM POST, KIZHAMBI, KANCHIPURAM - 631551",sskvcollege.com,Private Un-Aided,2007,No,Rural,2018
Tamil Nadu,,Chennai,State Public University ,"Madras University, Chennai (Id: U-0462)",STELLA MARIS COLLEGE FOR WOMEN ,Affiliated College,"17, CATHEDRAL ROAD, GOPALAPURAM, CHENNAI",www.stellamariscollege.edu.in,Private Aided,1947,No,Urban,2018
Tamil Nadu,,Chennai,State Public University ,"Madras University, Chennai (Id: U-0462)",ST JOSEPHS COLLEGE ,Affiliated College,"KUNDRATHUR HIGH ROAD,KOVUR, CHENNAI",stjosephcollege.in,Private Un-Aided,1993,No,Rural,2018
Tamil Nadu,,Chennai,State Public University ,"Madras University, Chennai (Id: U-0462)",ST LOUIS COLLEGE FOR THE DEAF ,Affiliated College,"CANAL BANK ROAD, GANDHI NAGAR,, ADYAR",stlouiscollege.net,Private Un-Aided,1993,Commerce,Urban,2018
Tamil Nadu,,Chennai,State Public University ,"Madras University, Chennai (Id: U-0462)",ST THOMAS COLLEGE OF ARTS AND SCIENCE ,Affiliated College,"140/6, St.Thomas Nagar,, Koyambedu,, Chennai",www.saintthomascollege.com,Private Un-Aided,1999,No,Urban,2018
Tamil Nadu,,Chennai,State Public University ,"Madras University, Chennai (Id: U-0462)",TAGORE COLLEGE OF ARTS AND SCIENCE ,Affiliated College,"CLC Works Road, New Colony, Chromepet, Chennai",www.tcas.net.in,Private Un-Aided,1998,No,Urban,2018
Tamil Nadu,,Chennai,State Public University ,"Madras University, Chennai (Id: U-0462)",TAMIL NADU INSTITUTE OF LABOUR STUDIES ,Affiliated College,"NO.5 KAMARAJAR SALAI, CHENNAI - 600 005, CHENNAI",www.tn.gov.in,State Government,1973,Management,Urban,2018
Tamil Nadu,,Chennai,State Public University ,"Madras University, Chennai (Id: U-0462)",THE MADRAS SANSKRIT COLLEGE AND SSV PATASALA ,Affiliated College,"84, Royapettah High Road (Thriu-vi-ka Road), Mylapore, Chennai - 600 004",www.madrassanskritcollege.com,Private Aided,1906,Sanskrit,Urban,2018
Tamil Nadu,,Chennai,State Public University ,"Madras University, Chennai (Id: U-0462)",THIRUMURUGAN ARTS AND SCIENCE COLLEGE ,Affiliated College,"KOSAVANPALAYAM VILLAGE, THIRUPPASUR POST, THIRUVALLUR",www.thirumurugancollege.in,Private Aided,2000,No,Rural,2018
Tamil Nadu,,Chennai,State Public University ,"Madras University, Chennai (Id: U-0462)",THIRUTHANGAL NADAR COLLEGE ,Affiliated College,"SELAVAYAL, SELAVAYAL, CHENNAI -51",WWW.THIRUTHANGAL NADAR COLLEGE.COM,Private Un-Aided,1997,No,Urban,2018
Tamil Nadu,,Chennai,State Public University ,"Madras University, Chennai (Id: U-0462)",TMG COLLEGE OF ARTS AND SCIENCE ,Affiliated College,"#85,MUDICHUR ROAD, MANIMANGALAM, CHENNAI",tmgcollege.edu.in,Private Un-Aided,2000,No,Rural,2018
Tamil Nadu,,Chennai,State Public University ,"Madras University, Chennai (Id: U-0462)",TS NARAYANASWAMI COLLEGE OF ARTS AND SCIENCE ,Affiliated College,"Thalambur Road, Navalur, Chennai",www.tsncollege.org,Private Un-Aided,1996,No,Rural,2018
Tamil Nadu,,Chennai,State Public University ,"Madras University, Chennai (Id: U-0462)",University Of Madras Constituent College - Nemmili ,Constituent / University College,"East Coast road, Nemmeli, Nemmeli",uccnemmeli.unom.ac.in,University,2011,No,Rural,2018
Tamil Nadu,,Chennai,State Public University ,"Madras University, Chennai (Id: U-0462)",University Of Madras Constituent College - Thiruvottiyur ,Constituent / University College,"NO. 36 POONTHOTTAM STREET, THIRUVOTTIYUR, CHENNAI",,University,2012,No,Urban,2018
Tamil Nadu,,Chennai,State Public University ,"Madras University, Chennai (Id: U-0462)",VALLIAMMAL COLLEGE FOR WOMEN ,Affiliated College,"E-9,ANNA NAGAR EAST, CHENNAI -600102, E-9,ANNA NAGAR EAST, CHENNAI -600102, CHENNAI",www.valliammal.edu.in,Private Un-Aided,1987,No,Urban,2018
Tamil Nadu,,Chennai,State Public University ,"Madras University, Chennai (Id: U-0462)",VEL TECH RANGA SANKU ARTS COLLEGE ,Affiliated College,"NO.42, AVADI-ALAMATHI ROAD, AVADI, CHENNAI",www.velsrscollege.com,Private Un-Aided,1998,No,Rural,2018
Tamil Nadu,,Chennai,State Public University ,"Madras University, Chennai (Id: U-0462)",VIDHYA SAGAR WOMENS COLLEGE ,Affiliated College,"G.S.T Road, Vedhanarayanapuram, Chengalpattu, Kancheepuram District",www.vidhyasagar.in,Private Un-Aided,2005,No,Rural,2018
Tamil Nadu,,Chennai,State Public University ,"Madras University, Chennai (Id: U-0462)",WOMENS CHRISTIAN COLLEGE ,Affiliated College,"No 51, College Road, Nungambakkam, Chennai",www.wcc.edu.in,Private Aided,1915,Arts & Science,Urban,2018
Tamil Nadu,,Chennai,Deemed University-Private ,"Meenakshi Academy of Higher Education and Research, Chennai (Id: U-0465)","Meenakshi Ammal Dental College, Maduravoyal, Chennai ",Constituent / University College,,,,,,,NO
Tamil Nadu,,Chennai,Deemed University-Private ,"Meenakshi Academy of Higher Education and Research, Chennai (Id: U-0465)","Meenakshi College of Physiotherapy, Chennai ",Constituent / University College,,,,,,,NO
Tamil Nadu,,Chennai,Institute of National Importance ,"National Institute of Fashion Technology, Hauz Khas (Id: U-0110)","NATIONAL INSTITUTE OF FASHION TECHNOLOGY, CHENNAI ",PG Center / Off-Campus Center,"NIFT Campus, Rajiv Gandhi Salai,, Taramani, Chennai, Chennai",www.nift.ac.in/chennai,Central Government,1995,No,Urban,2018
Tamil Nadu,,Chennai,Deemed University-Private ,"Ponnaiyah Ramajayam Institute of Science & Technology, Thanjavur (Id: U-0471)","PONNAIYAH RAMAJAYAM INSTITUTE OF SCIENCE AND TECHNOLOGY, CHENNAI ECR/CITY CAMPUS ",PG Center / Off-Campus Center,,,,,,,NO
Tamil Nadu,,Chennai,State Public University ,"Tamil Nadu Dr. Ambedkar Law University, Chennai (Id: U-0480)",Dr Ambedkar Govt Law College ,Affiliated College,"ESPLANADE ROAD, HIGH COURT CAMPUS, CHENNAI",www.draglc.ac.in,State Government,1891,Law,Urban,2018
Tamil Nadu,,Chennai,State Public University ,"Tamil Nadu Dr. M.G.R. Medical University , Chennai (Id: U-0481)",ANNAI VEILANKANNIS COLLEGE OF NURSING ,Affiliated College,"33/1 Gandhi Road, Nedungundrum, Chennai, 33/1 Gandhi Road, Nedungundrum, Chennai, Chennai",www.annaiveilankannis.com,Private Un-Aided,2010,No,Urban,2018
Tamil Nadu,,Chennai,State Public University ,"Tamil Nadu Dr. M.G.R. Medical University , Chennai (Id: U-0481)",ANNAI VEILANKANNI S PHARMACY COLLEGE ,Affiliated College,"NO 81 V G P SALAI, SAIDAPET, CHENNAI",www.annaiveilankannis.com,Private Un-Aided,1995,No,Urban,2018
Tamil Nadu,,Chennai,State Public University ,"Tamil Nadu Dr. M.G.R. Medical University , Chennai (Id: U-0481)",APOLLO COLLEGE OF NURSING ,Affiliated College,"Vanagaram to Ambattur Main Road, Ayanambakkam, Chennai",www.apollohospitalseducation.com,Private Aided,1997,Nursing,Urban,2018
Tamil Nadu,,Chennai,State Public University ,"Tamil Nadu Dr. M.G.R. Medical University , Chennai (Id: U-0481)",APOLLO HOSPITAL ENTERPRISE LIMITED ,Affiliated College,"Apollo Annexe building., 16 Wallace garden, 1st. street, Chennai",www.apollohospitals.com,Private Un-Aided,2013,Medical-Allopathy,Urban,2018
Tamil Nadu,,Chennai,State Public University ,"Tamil Nadu Dr. M.G.R. Medical University , Chennai (Id: U-0481)",APOLLO INSTITUTE OF HOSPITAL MANAGEMENT & ALLIED SCIENCES ,Affiliated College,"168/85, Ayanambakkam,, Vanagaram to Ambattur Main Road,, Chennai",apollohospitalseducation.com,Private Un-Aided,1992,Para Medical,Urban,2018
Tamil Nadu,,Chennai,State Public University ,"Tamil Nadu Dr. M.G.R. Medical University , Chennai (Id: U-0481)",APOLLO MED SKILLS LIMITED ,Affiliated College,"No.289, Vikram studios Building, II Floor,, West sivan koil street , Vadapalani ,, Chennai",www.apollomedskills.com,Private Aided,2012,Technical,Urban,2018
Tamil Nadu,,Chennai,State Public University ,"Tamil Nadu Dr. M.G.R. Medical University , Chennai (Id: U-0481)","ARUL INSTITUTE OF PARAMEDICAL SCIENCES AND RESEARCH, ",Affiliated College,"No.23/2, 56/2, Venugopalaswami Koil Street, Perambur, Chennai",www.dracah.com,Private Aided,2013,Nursing,Urban,2018
Tamil Nadu,,Chennai,State Public University ,"Tamil Nadu Dr. M.G.R. Medical University , Chennai (Id: U-0481)",BILROTH COLLEGE OF NURSING ,Affiliated College,"No.2, Mettukuppam Road, Maduravoyal, Chennai",www.billrothcollegeofnursing.com,Private Un-Aided,2007,Nursing,Urban,2018
Tamil Nadu,,Chennai,State Public University ,"Tamil Nadu Dr. M.G.R. Medical University , Chennai (Id: U-0481)",CANCER INSTITUTE ,Affiliated College,"Canal Bank Road     Gandhi Nagar, Adyar Chennai  600020, Chennai",www.cancerinstitutewia.org,Private Aided,1954,Medical-Allopathy,Urban,2018
Tamil Nadu,,Chennai,State Public University ,"Tamil Nadu Dr. M.G.R. Medical University , Chennai (Id: U-0481)",CANCER INSTITUTE ,Affiliated College,"Canal Bank Road     Gandhi nagar, Adyar   Chennai, Chennai",www.cancerinstitute.in,Private Aided,1954,Para Medical,Urban,2018
Tamil Nadu,,Chennai,State Public University ,"Tamil Nadu Dr. M.G.R. Medical University , Chennai (Id: U-0481)",C.L.BAID METHA COLLEGE OF PHARMACY ,Affiliated College,"Rajiv Gandhi Salai, Old Mahabalipuram Road, Thorapakkam, Chennai 600 097.",www.clbaidmethacollege.com,Private Un-Aided,1980,Para Medical,Urban,2018
Tamil Nadu,,Chennai,State Public University ,"Tamil Nadu Dr. M.G.R. Medical University , Chennai (Id: U-0481)",CSI KALYANI COLLEGE OF ALLIED HEALTH SCIENCES ,Affiliated College,"#15,Dr.Radha Krishnan Salai, Mylapore, Chennai",www.csikalyanihospital.com,Private Aided,1909,Medical-Others,Urban,2018
Tamil Nadu,,Chennai,State Public University ,"Tamil Nadu Dr. M.G.R. Medical University , Chennai (Id: U-0481)",CSI KALYANI  COLLEGE OF NURSING ,Affiliated College,"CSI KALYANI GENERAL HOSPITAL, NO.15. RADHAKRISHNAN SALAI, MYLAPORE, CHENNAI - 600 004.",www.csikalyanihospital.com,Private Un-Aided,1955,No,Urban,2018
Tamil Nadu,,Chennai,State Public University ,"Tamil Nadu Dr. M.G.R. Medical University , Chennai (Id: U-0481)",Dr.A.RAMACHANDRAN'S DOANETES HOSPITAL & INDIA  DIABETES RESEARCH FOUNDATION ,Affiliated College,"No. 28 Marshalls Road, Egmore, Chennai 600008",www.ardiabetes.org,Private Un-Aided,2007,Medical-Allopathy,Urban,2018
Tamil Nadu,,Chennai,State Public University ,"Tamil Nadu Dr. M.G.R. Medical University , Chennai (Id: U-0481)","DR.KAMAKSHI MEMORIAL HOSPITAL PVT. LTD., ",Affiliated College,"No.1, Radial Road,, Pallikarani, Chennai",www.drkmh.com,Private Un-Aided,2005,The TamilNadu Dr.M.G.R. Medical University,Urban,2018
Tamil Nadu,,Chennai,State Public University ,"Tamil Nadu Dr. M.G.R. Medical University , Chennai (Id: U-0481)",Dr.MOHAN'S  DIABETES EDUCATION ACADEMY ,Affiliated College,"6B Conran Smith Road, Gopalapuram, Chennai",www.drmohansdiabetes.com,Private Un-Aided,1991,Medical-Others,Urban,2018
Tamil Nadu,,Chennai,State Public University ,"Tamil Nadu Dr. M.G.R. Medical University , Chennai (Id: U-0481)",Dr.MOHAN'S  DIABETES SPECIALITIES CENTRE & Dr.MOHAN'S  DIABETES EDUCATION ACADEMY ,Affiliated College,"No 6 B Conran smith road, Gopalapuram, Chennai",www.drmohansdiabetes.com,Private Un-Aided,1991,Medical-Others,Urban,2018
Tamil Nadu,,Chennai,State Public University ,"Tamil Nadu Dr. M.G.R. Medical University , Chennai (Id: U-0481)",ESI MEDICAL COLLEGE & ESI-PGIMSR ,Affiliated College,"ASHOK PILLAR ROAD,, K.K. NAGAR,, CHENNAI 600078",esicmcpgimsrchennai.ac.in,Central Government,2011,No,Urban,2018
Tamil Nadu,,Chennai,State Public University ,"Tamil Nadu Dr. M.G.R. Medical University , Chennai (Id: U-0481)",GLOBAL HOSPITALS & HEALTH CITY ,Affiliated College,"GLOBAL COLLEGE OF ALLIED HEALTH SCIENCES, 439, CHERAN NAGAR, PERUMBAKKAM, CHENNAI -600100",www.globalhospitalsindia.com,Private Aided,2007,ALLIED HEALTH SCIENCES,Urban,2018
Tamil Nadu,,Chennai,State Public University ,"Tamil Nadu Dr. M.G.R. Medical University , Chennai (Id: U-0481)",GLOBAL HOSPITALS & HEALTH CITY ,Affiliated College,"GLOBAL HOSPITAL AND HEALTH CITY, 439, CHERAN NAGAR, PERUMBAKKAM, CHENNAI - 600100",www.globalhospitalsindia.com,Private Aided,2007,Medical-Others,Urban,2018
Tamil Nadu,,Chennai,State Public University ,"Tamil Nadu Dr. M.G.R. Medical University , Chennai (Id: U-0481)",GOVERNMENT INSTITUTE OF REHABILITATION AND MEDICINE ,Affiliated College,"KK nagar, chennai 83, chennai",,State Government,1959,No,Urban,2018
Tamil Nadu,,Chennai,State Public University ,"Tamil Nadu Dr. M.G.R. Medical University , Chennai (Id: U-0481)",GOVERNMENT KILPAUK MEDICAL COLLEGE ,Affiliated College,"Poonamallee High Road, Kilpauk, Chennai",www.gkmc.in,State Government,1960,No,Urban,2018
Tamil Nadu,,Chennai,State Public University ,"Tamil Nadu Dr. M.G.R. Medical University , Chennai (Id: U-0481)","GOVERNMENT MEDICAL COLLEGE, OMANDURAR ESTATE ",Affiliated College,"Government Medical College, Omandurar Government Estate,, Walaja Road, Chennai 600 002, Chennai",www.gmcoge.tn.gov.in,State Government,2015,No,Urban,2018
Tamil Nadu,,Chennai,State Public University ,"Tamil Nadu Dr. M.G.R. Medical University , Chennai (Id: U-0481)",GOVERNMENT SIDDHA MEDICAL COLLEGE ,Affiliated College,"Arignar Anna Govt Hospital of Indian Medicine Campus, Arumbakkam, Chennai",http://www.gsmcchennai.ac.in,State Government,1985,Medical-Others,Urban,2018
Tamil Nadu,,Chennai,State Public University ,"Tamil Nadu Dr. M.G.R. Medical University , Chennai (Id: U-0481)",GOVERNMENT UNANI MEDICAL COLLEGE ,Affiliated College,"3rd Avenue,Anna Nagar,Chennai-40, Arumbakkam,Chennai-106, Chennai",www.gumcchennai.com,State Government,1979,Medical-Others,Urban,2018
Tamil Nadu,,Chennai,State Public University ,"Tamil Nadu Dr. M.G.R. Medical University , Chennai (Id: U-0481)","GOVERNMENT YOGA AND NATUROPATHY COLLEGE, ARINGNAR ANNA GOVT. HOSPITAL OF INDIAN MEDICINE CAMPUS ",Affiliated College,"ARIGNAR  ANNA GOVT.HOSPITAL OF INDIAN MEDICINE CAMPUS, ARUMBAKKAM, CHENNAI 600 106",,State Government,2000,No,Urban,2018
Tamil Nadu,,Chennai,State Public University ,"Tamil Nadu Dr. M.G.R. Medical University , Chennai (Id: U-0481)",HINDU MISSION COLLEGE OF NURSING ,Affiliated College,"103,GST ROAD, TAMBARAM WEST, TAMBARAM, CHENNAI",www.hindumissionhospital.org,Private Un-Aided,2012,No,Urban,2018
Tamil Nadu,,Chennai,State Public University ,"Tamil Nadu Dr. M.G.R. Medical University , Chennai (Id: U-0481)",INDIA HEART FOUNDATION ,Affiliated College,"No 7, Nandanam extn, 11th st, Nandanam, Chennai",www.vhospitals.com,Private Un-Aided,2010,No,Urban,2018
Tamil Nadu,,Chennai,State Public University ,"Tamil Nadu Dr. M.G.R. Medical University , Chennai (Id: U-0481)","INTERNATIONAL CENTRE FOR CARDIO THERACIC AND VASCULAR DISEASES, Dr.K.M.CHERIAN HEART FOUNDATION, FRONTIER LIFE PVT.,LTD., ",Affiliated College,"R 30 C, Ambattur Industrial Estate Road, Mogappair, chennai",www.frontierlifeline.com,Private Un-Aided,2010,Medical-Others,Urban,2018
Tamil Nadu,,Chennai,State Public University ,"Tamil Nadu Dr. M.G.R. Medical University , Chennai (Id: U-0481)",ISHWAR INSTITUTE OF PROSTHETICS & ORTHOTICS ,Affiliated College,"AA 23, 3rd Street, 3rd Main Road, Annanagar, Chennai",www.iipoinstitute.in,Private Un-Aided,2010,Para Medical,Urban,2018
Tamil Nadu,,Chennai,State Public University ,"Tamil Nadu Dr. M.G.R. Medical University , Chennai (Id: U-0481)","JAYA COLLEGE OF PARAMEDICAL SCIENCES, COLLEGE OF PHARMCY ",Affiliated College,"C.T.H.ROAD, THIRUNINRAVUR, CHENNAI",www.jcp.co.in,Private Un-Aided,2005,No,Rural,2018
Tamil Nadu,,Chennai,State Public University ,"Tamil Nadu Dr. M.G.R. Medical University , Chennai (Id: U-0481)","JAYA COLLEGE OF PARAMEDICAL SCIENCES, COLLEGE OF PHYSIOTHERAPY ",Affiliated College,"MTH ROAD,, THIRUNINRAVUR, CHENNAI",www.jayagc.org,Private Un-Aided,2000,Physiotherapy,Rural,2018
Tamil Nadu,,Chennai,State Public University ,"Tamil Nadu Dr. M.G.R. Medical University , Chennai (Id: U-0481)",J V COLLEGE OF NURSING ,Affiliated College,"16, TAYLOR'S ESTATE, Ist STREET,, KODAMBAKKAM,, CHENNAI",,Private Un-Aided,2007,No,Urban,2018
Tamil Nadu,,Chennai,State Public University ,"Tamil Nadu Dr. M.G.R. Medical University , Chennai (Id: U-0481)",KANCHI KAMAKOTI CHILDS TRUST HOSPITAL ,Affiliated College,"12-A, Nageswara Road,, Nungambakkam,, CHENNAI - 600 034",www.kkcth.org,Private Aided,1979,Medical-Others,Rural,2018
Tamil Nadu,,Chennai,State Public University ,"Tamil Nadu Dr. M.G.R. Medical University , Chennai (Id: U-0481)",KING INSTITUTE OF PREVENTIVE MEDICINE & RESEARCH ,Affiliated College,"TVK INDUSTRIAL ESTATE, GUINDY, CHENNAI",,State Government,1899,No,Urban,2018
Tamil Nadu,,Chennai,State Public University ,"Tamil Nadu Dr. M.G.R. Medical University , Chennai (Id: U-0481)",K.K. COLLEGE OF PHARMACY ,Affiliated College,"1/161 SANKARALINGANAR ROAD, GERUGAMBAKKAM, CHENNAI",www.kkcp.ac.in,Private Un-Aided,1992,No,Urban,2018
Tamil Nadu,,Chennai,State Public University ,"Tamil Nadu Dr. M.G.R. Medical University , Chennai (Id: U-0481)",M.A. CHIDAMBARAM COLLEGE OF NURSING ,Affiliated College,"VHS Campus, T.T.T.I Post, Taramani, Rajiv Gandhi Salai, Chennai",www.macnursing.org,Private Un-Aided,1992,Nursing,Urban,2018
Tamil Nadu,,Chennai,State Public University ,"Tamil Nadu Dr. M.G.R. Medical University , Chennai (Id: U-0481)",MADHA COLLEGE OF NURSING ,Affiliated College,"Madha Nagar, Somangalam Road, Kunrathur, Chennai, Madha Nagar, Somangalam Road, Kunrathur, Chennai, Chennai",www.madhacollegeofnursing@gmail.com,Private Un-Aided,1998,Nursing,Rural,2018
Tamil Nadu,,Chennai,State Public University ,"Tamil Nadu Dr. M.G.R. Medical University , Chennai (Id: U-0481)",MADHA COLLEGE OF PHYSIOTHERAPY ,Affiliated College,"MADHA NAGAR,SOMONGALAM ROAD, KUNDRATHUR, CHENNAI",WWW.MADHAGROUPS.ORG,Private Un-Aided,1998,Physiotherapy,Rural,2018
Tamil Nadu,,Chennai,State Public University ,"Tamil Nadu Dr. M.G.R. Medical University , Chennai (Id: U-0481)",MADHA DENTAL COLLEGE AND HOSPITA ,Affiliated College,"MADHA NAGAR, KUNDRATHUR, CHENNAI-600 069",www.madhadentalcollege.com,Private Un-Aided,2007,Medical-Dental,Rural,2018
Tamil Nadu,,Chennai,State Public University ,"Tamil Nadu Dr. M.G.R. Medical University , Chennai (Id: U-0481)",MADRAS ENT RESEARCH FOUNDATION ,Affiliated College,"NO.1 FIRST CROSS STREET, OFF II MAIN ROAD, RAJA ANNAMALAIPURAM, CHENNAI - 600028",www.merfmk.com,Private Un-Aided,1996,Medical-Others,Urban,2018
Tamil Nadu,,Chennai,State Public University ,"Tamil Nadu Dr. M.G.R. Medical University , Chennai (Id: U-0481)","MADRAS MEDICAL COLLEGE, COLLEGE OF NURSING ",Affiliated College,"COLLEGE OF  NURSING, MADRAS MEDICAL COLLEGE CHENNAI, CHENNAI, COLLEGE OF  NURSING, MADRAS MEDICAL COLLEGE CHENNAI, CHENNAI, Chennai",www.mmc.tn.gov.in,State Government,1967,Nursing,Urban,2018
Tamil Nadu,,Chennai,State Public University ,"Tamil Nadu Dr. M.G.R. Medical University , Chennai (Id: U-0481)","MADRAS MEDICAL COLLEGE, COLLEGE OF PHARMACY ",Affiliated College,"No.1 EVR Periyar salai, Park Town, Chennai-03, Chennai-03",www.mmc.tn.gov.in,State Government,1939,Pharmacy,Urban,2018
Tamil Nadu,,Chennai,State Public University ,"Tamil Nadu Dr. M.G.R. Medical University , Chennai (Id: U-0481)",MADRAS MEDICAL COLLEGE & GOVT. GENERAL HOSPITAL ,Affiliated College,"EVR PERIYAR SALAI, PARK TOWN, CHENNAI - 600 003, CHENNAI",www.mmc.ac.in,State Government,1835,Para Medical,Urban,2018
Tamil Nadu,,Chennai,State Public University ,"Tamil Nadu Dr. M.G.R. Medical University , Chennai (Id: U-0481)",MADRAS MEDICAL COLLEGE & HOSPITAL  ,Affiliated College,"EVR Periyar Salai, Park Town, Chennai 600003., Chennai",www.mmc.ac.in,State Government,1835,Medical-Allopathy,Urban,2018
Tamil Nadu,,Chennai,State Public University ,"Tamil Nadu Dr. M.G.R. Medical University , Chennai (Id: U-0481)","MEDALL HEALTH CARE PVT. LT., ",Affiliated College,"67, TNPL Building, Guindy, Chennai",www.medall.in,State Government,2009,Medical-Others,Urban,2018
Tamil Nadu,,Chennai,State Public University ,"Tamil Nadu Dr. M.G.R. Medical University , Chennai (Id: U-0481)",MEDINDIA HOSPITALS ,Affiliated College,"83 Valluvarkottam High Road, Nungambakkam, Chennai",www.medindiahospitals.com,Private Un-Aided,2001,No,Urban,2018
Tamil Nadu,,Chennai,State Public University ,"Tamil Nadu Dr. M.G.R. Medical University , Chennai (Id: U-0481)",MEDISCAN SYSTEMS ,Affiliated College,"NO.197, Dr. Natesan Road, Mylapore, Chennai",www.medisscansystems.org.in,Private Un-Aided,1982,Medical-Others,Urban,2018
Tamil Nadu,,Chennai,State Public University ,"Tamil Nadu Dr. M.G.R. Medical University , Chennai (Id: U-0481)",MERF INSTITUTE OF SPEECH AND HEARING ,Affiliated College,"New no. 1 old no. 1/1 South Canal bank road,, mandhavelipakkam, Chennai",www.merfish.org,Private Un-Aided,2006,Medical-Others,Urban,2018
Tamil Nadu,,Chennai,State Public University ,"Tamil Nadu Dr. M.G.R. Medical University , Chennai (Id: U-0481)",MIOT ACADEMY OF ALLIED HEALTH SCIENCES ,Affiliated College,"4/112, Mount Poonamalle High Road, Manapakkam, Chennai",www.miot-aahs.com,Private Un-Aided,2010,Para Medical,Urban,2018
Tamil Nadu,,Chennai,State Public University ,"Tamil Nadu Dr. M.G.R. Medical University , Chennai (Id: U-0481)",MMM COLLEGE OF HEALTH SCIENCES ,Affiliated College,"No. 36/1, Tulip Avenue, Annai Indira Nagar, Mogappair East, Chennai - 600107, Chennai",www.mmmchs.org,Private Un-Aided,2007,Para Medical,Urban,2018
Tamil Nadu,,Chennai,State Public University ,"Tamil Nadu Dr. M.G.R. Medical University , Chennai (Id: U-0481)",M.N. COLLEGE OF OPTOMETRY ,Affiliated College,"NO.779, T.H.ROAD, TONDIARPET,, CHENNAI",www.mncollegeopto.com,Private Un-Aided,2011,No,Urban,2018
Tamil Nadu,,Chennai,State Public University ,"Tamil Nadu Dr. M.G.R. Medical University , Chennai (Id: U-0481)",MOHAMED A.J. COLLEGE OF PHYSIOTHERAPY,Affiliated College,"144/1, NUNGAMBAKKAM HIGH ROAD, CHENNAI - 600034, CHENNAI",www.msajphysio-edu.in,Private Un-Aided,2002,Physiotherapy,Urban,2018
Tamil Nadu,,Chennai,State Public University ,"Tamil Nadu Dr. M.G.R. Medical University , Chennai (Id: U-0481)",MOHAMED SATHAK A.J. COLLEGE OF NURSING ,Affiliated College,"No 34 Rajiv Gandhi Road (OMR), IT Highway,, Siruseri,  Chennai   603103, Chennai",www.msajcnursing-edu.in,Private Un-Aided,2001,No,Rural,2018
Tamil Nadu,,Chennai,State Public University ,"Tamil Nadu Dr. M.G.R. Medical University , Chennai (Id: U-0481)",MOHAMED SATHAK A.J. COLLEGE OF PHARMACY ,Affiliated College,"MEDAVAKKAM HIGH ROAD, SHOLINGANALLUR, CHENNAI-600119",www.msajcpharm-edu.in,Private Un-Aided,1998,Pharmacy,Urban,2018
Tamil Nadu,,Chennai,State Public University ,"Tamil Nadu Dr. M.G.R. Medical University , Chennai (Id: U-0481)",M.V. HOSPITAL FOR DIABETES & PROF.M.VISWANATHAN DIABETES RESEARCH CENTRE ,Affiliated College,"No 4 West Madha Road, Royapuram,Chennai 13, No 4 West Madha Road, Royapuram,Chennai 13, Chennai",http://www.mvdiabetes.com/,Private Un-Aided,1954,Medical-Allopathy,Urban,2018
Tamil Nadu,,Chennai,State Public University ,"Tamil Nadu Dr. M.G.R. Medical University , Chennai (Id: U-0481)",NATIONAL INSTITUTE OF  SIDDHA ,Affiliated College,"No 4 West Madha Road, Royapuram,Chennai 13, No 4 West Madha Road, Royapuram,Chennai 13, Chennai",www.mvdiabetes.com,Private Un-Aided,1954,Medical-Allopathy,Urban,2018
Tamil Nadu,,Chennai,State Public University ,"Tamil Nadu Dr. M.G.R. Medical University , Chennai (Id: U-0481)",NITRA INSTITUTE OF SLEEP SCIENCES ,Affiliated College,"GST Road, Tambaram Sanatorium, Chennai",www.nischennai.org,Central Government,2004,Siddha,Urban,2018
Tamil Nadu,,Chennai,State Public University ,"Tamil Nadu Dr. M.G.R. Medical University , Chennai (Id: U-0481)",OMAYAL ACHI COLLEGE OF NURSING ,Affiliated College,"Door No. 29 Plot No. 1997, J block, 13th Main Road, Annanagar, Chennai",www.nithra.com,University,2004,The Tamilnadu Dr.MGR Medical University,Urban,2018
Tamil Nadu,,Chennai,State Public University ,"Tamil Nadu Dr. M.G.R. Medical University , Chennai (Id: U-0481)",OMAYAL ACHI COLLEGE OF NURSING ,Affiliated College,"NO:45, AMBATTUR ROAD,, PUZHAL,, CHENNAI",www.omayaln.com,Private Un-Aided,1992,Nursing,Urban,2018
Tamil Nadu,,Chennai,State Public University ,"Tamil Nadu Dr. M.G.R. Medical University , Chennai (Id: U-0481)","PEDIATRIC EMERGENCY UNIT, INSTITUTE  OF CHILD HEALTH AND HOSPITAL FOR CHILDREN ",Affiliated College,"NO: 45, AMBATTUR ROAD, PUZHAL, CHENNAI-66, CHENNAI",www.omayaln.com,Private Un-Aided,1992,Nursing,Urban,2018
Tamil Nadu,,Chennai,State Public University ,"Tamil Nadu Dr. M.G.R. Medical University , Chennai (Id: U-0481)",RAGAS DENTAL COLLEGE & HOSPITAL ,Affiliated College,"INSTITUTE OF CHILD HEALTH AND HOSPITAL FOR CHILDREN, 18, HALLS ROAD, EGMORE, CHENNAI",www.mmc.ac.in,State Government,1955,Medical-Allopathy,Urban,2018
Tamil Nadu,,Chennai,State Public University ,"Tamil Nadu Dr. M.G.R. Medical University , Chennai (Id: U-0481)",RAJALAKSHMI COLLEGE OF NURSING ,Affiliated College,"2/102, EAST COAST ROAD, UTHANDI, CHENNAI -600 119, 2/102, EAST COAST ROAD, UTHANDI, CHENNAI-600 119, CHENNAI",www.rdc.org,Private Un-Aided,1988,Medical-Dental,Urban,2018
Tamil Nadu,,Chennai,State Public University ,"Tamil Nadu Dr. M.G.R. Medical University , Chennai (Id: U-0481)",SANKARA NETHRALAYA MEDICAL RESEARCH FOUNDATION ,Affiliated College,"Rajalakshmi Nagar,Thandalam, No:69,New Avadi Road,Kilpauk, Chennai",www.rajalakshmicollegeofnursing.com,Private Un-Aided,2008,Nursing,Rural,2018
Tamil Nadu,,Chennai,State Public University ,"Tamil Nadu Dr. M.G.R. Medical University , Chennai (Id: U-0481)",SHENBAGHA COLLEGE OF NURSING ,Affiliated College,"RUCKMANI LAKSHMIPATHY SALAI,, EGMORE, CHENNAI,  600 008",www.mmc.ac.in,State Government,1963,Medical-Allopathy,Urban,2018
Tamil Nadu,,Chennai,State Public University ,"Tamil Nadu Dr. M.G.R. Medical University , Chennai (Id: U-0481)",SOORIYA HOSPITAL ,Affiliated College,"1/5, Chettiyar Agaram Road, Sivabootham Village, Vanagaram, Chennai -95, Shree Abirami Educational Trust, 2400A, 11th Mainroad, Anna nagar, Chennai - 40, Chennai",www.rightnursing.com,Private Un-Aided,2007,Nursing,Urban,2018
Tamil Nadu,,Chennai,State Public University ,"Tamil Nadu Dr. M.G.R. Medical University , Chennai (Id: U-0481)",SOUNDARAPANDIAN BONE AND JOINT HOSPITAL & RESEARCH INSTITUTE PVT LTD ,Affiliated College,"9/5 Mahalingam 2nd cross street, Mahalingapuram, Chennai",www.mayavedamurthy.com,Private Un-Aided,2000,Medical-Allopathy,Urban,2018
Tamil Nadu,,Chennai,State Public University ,"Tamil Nadu Dr. M.G.R. Medical University , Chennai (Id: U-0481)",SREE SASTHA COLLEGE OF NURSING ,Affiliated College,"No.9, Vanagaram Road, Ayanambakkam, Chennai",www.thesnacademy.ac.in,Private Un-Aided,2010,Para Medical,Rural,2018
Tamil Nadu,,Chennai,State Public University ,"Tamil Nadu Dr. M.G.R. Medical University , Chennai (Id: U-0481)",SRI MUTHUKUMARAN MEDICAL COLLEGE HOSPITAL AND RESEARCH INSTITUTE ,Affiliated College,"NO. 18 COLLEGE ROAD, CHENNAI",www.sankaranethralaya.org,Private Un-Aided,1978,Medical-Others,Urban,2018
Tamil Nadu,,Chennai,State Public University ,"Tamil Nadu Dr. M.G.R. Medical University , Chennai (Id: U-0481)",SRI SAIRAM AYURVEDA MEDICAL COLLEGE AND RESEARCH CENTRE ,Affiliated College,"METTU STREET MATHIRAVEDU THIRUVERKADU CHENNAI, CHENNAI",www.shenbaghacollegeofnursing.org,Private Un-Aided,2008,Nursing,Rural,2018
Tamil Nadu,,Chennai,State Public University ,"Tamil Nadu Dr. M.G.R. Medical University , Chennai (Id: U-0481)",SRI SAIRAM HOMOEOPATHY MEDICAL COLLEGE ,Affiliated College,"NO. 1, ARUNACHALAM ROAD, SALIGRAMAM, CHENNAI",www.sooriyahospital.com,Private Un-Aided,1991,Medical-Allopathy,Urban,2018
Tamil Nadu,,Chennai,State Public University ,"Tamil Nadu Dr. M.G.R. Medical University , Chennai (Id: U-0481)",STANLEY MEDICAL COLLEGE & HOSPITAL ,Affiliated College,"AA-16, 3RD MAIN ROAD,, ANNA NAGAR, CHENNAI",www.boneandjointindia.com,Private Un-Aided,1983,Medical-Allopathy,Urban,2018
Tamil Nadu,,Chennai,State Public University ,"Tamil Nadu Dr. M.G.R. Medical University , Chennai (Id: U-0481)",St. ISABEL COLLEGE OF NURSING ,Affiliated College,"CHENNAI - BANGALORE HIGHWAY, CHEMBARABAKKAM,CHENNAI -600123, CHENNAI -600123",www.sreesasthanursingcollege.com,Private Un-Aided,2009,Nursing,Urban,2018
Tamil Nadu,,Chennai,State Public University ,"Tamil Nadu Dr. M.G.R. Medical University , Chennai (Id: U-0481)",TAGORE DENTAL COLLEGE & HOSPITAL ,Affiliated College,"CHIKKARAYAPURAM, NEAR MANGADU, CHENNAI, TAMILNADU, CHENNAI",www.smmchri.res.in,Private Un-Aided,2008,No,Urban,2018
Tamil Nadu,,Chennai,State Public University ,"Tamil Nadu Dr. M.G.R. Medical University , Chennai (Id: U-0481)",TAGORE MEDICAL COLLEGE & HOSPITAL ,Affiliated College,"SAILEO NAGAR, POONTHANDALAM, WEST TAMBARAM, CHENNAI",www.sairamayur.edu.in,Private Un-Aided,2001,Medical-Ayurveda,Rural,2018
Tamil Nadu,,Chennai,State Public University ,"Tamil Nadu Dr. M.G.R. Medical University , Chennai (Id: U-0481)","THE INSTITUTE OF NEUROLOGICAL SCIENCES, THE VOLUNTARY HEALTH SCIENCES ",Affiliated College,"SAI LEO NAGAR,  POONTHANDALAM,WEST TAMBARAM, CHENNAI - 44, Chennai",www.sairamhomoeo.edu.in,Private Un-Aided,2001,No,Urban,2018
Tamil Nadu,,Chennai,State Public University ,"Tamil Nadu Dr. M.G.R. Medical University , Chennai (Id: U-0481)","THE MADRAS MEDICAL MISSION, ",Affiliated College,"1,Old Jail Road, Chennai -01, Chennai",www.stanleymedical.college.ac.in,State Government,1938,Medical-Allopathy,Urban,2018
Tamil Nadu,,Chennai,State Public University ,"Tamil Nadu Dr. M.G.R. Medical University , Chennai (Id: U-0481)",U.C.A. COLLEGE OF PARAMEDICAL SCIENCES ,Affiliated College,"St. Isabel's school of Nursing, 49, Oliver Road, Mylapore, Chennai -04, St. Isabel's College of Nursing, 49, Oliver Road, Mylapore, Chennai -04, Mylapore, Chennai",www.stisabelscon.org,Private Un-Aided,2012,Nursing,Urban,2018
Tamil Nadu,,Chennai,State Public University ,"Tamil Nadu Dr. M.G.R. Medical University , Chennai (Id: U-0481)",VASAN INSTITUTE OF OPHTHALMOLOGY & RESEARCH ,Affiliated College,"Tagore Dental College & Hospital, Rathinamangalam Melakottaiyur Post, Chennai",www.tagoredch.com,Private Un-Aided,2007,Medical-Dental,Rural,2018
Tamil Nadu,,Chennai,State Public University ,"Tamil Nadu Dr. M.G.R. Medical University , Chennai (Id: U-0481)",VEECARE COLLEGE OF HEALTH SCIENCE ,Affiliated College,"Rathinamangalam, Melakkotaiyur Post, Chennai",www.tagoremch.edu.in,Private Un-Aided,2010,No,Rural,2018
Tamil Nadu,,Chennai,State Public University ,"Tamil Nadu Dr. M.G.R. Medical University , Chennai (Id: U-0481)",VEE CARE COLLEGE OF NURSING ,Affiliated College,"RAJIV GANDHI SALAI, TARAMANI, CHENNAI-600113",www.vhschennai.org,Private Un-Aided,1965,Medical-Allopathy,Urban,2018
Tamil Nadu,,Chennai,State Public University ,"Tamil Nadu Dr. M.G.R. Medical University , Chennai (Id: U-0481)",VENKATESWARA HOMOEOPATHIC MEDICAL COLLEGE ,Affiliated College,"No. 4A, Kannadasan Salai, Mogappair East, Chennai",www.mmm.org.in,Private Un-Aided,1987,Medical-Others,Urban,2018
Tamil Nadu,,Chennai,State Public University ,"Tamil Nadu Dr. M.G.R. Medical University , Chennai (Id: U-0481)",VIJAYA EDUCATIONAL ACADEMY ,Affiliated College,"30, PACHAIYAPPA'S COLLEGE HOSTEL ROAD,, CHETPET, CHENNAI",unionchristianassociation.com/,Private Un-Aided,1998,Physiotherapy,Urban,2018
Tamil Nadu,,Chennai,State Public University ,"Tamil Nadu Dr. M.G.R. Medical University , Chennai (Id: U-0481)","COLLEGE OF FISH NUTRITION AND FOOD TECHNOLOGY, MADHAVARAM ",Affiliated College,"127, OLD MAMBALAM ROAD, WEST MAMBALAM, CHENNAI",http://www.vasaneye.in,Private Un-Aided,2010,Medical-Others,Urban,2018
Tamil Nadu,,Chennai,State Public University ,"Tamil Nadu Dr. M.G.R. Medical University , Chennai (Id: U-0481)",M.G.R. GOVERNMENT FILM AND TELEVISION INSTITUTE KANAGAM ,Affiliated College,"No:2/5,chettiar Agaram Road ,Sivabootham Village, Vanagaram, CHENNAI",www.veecarenursingcollege.org,Private Un-Aided,2011,No,Rural,2018
Tamil Nadu,,Chennai,State Public University ,"Tamil Nadu Dr. M.G.R. Medical University , Chennai (Id: U-0481)",YMCA College of Physical Education ,Affiliated College,"1/5,CHETTIAR AGARAM ROAD,, SIVABOOTHAM VILLAGE, VANAGARAM,, CHENNAI - 600095",www.veecarenursingcollege.org,Private Un-Aided,2011,Nursing,Rural,2018
Tamil Nadu,,Chennai,State Public University ,"Tamil Nadu Dr. M.G.R. Medical University , Chennai (Id: U-0481)",CSI Bishop Newbigin College of Education ,Affiliated College,"No.4/11, Samayapuram Main Road,, Karambakkam, Porur,, chennai",http://www.venkathomoeo.org/,Private Un-Aided,2000,Medical-Homeopathy,Urban,2018
Tamil Nadu,,Chennai,State Public University ,"Tamil Nadu Dr. M.G.R. Medical University , Chennai (Id: U-0481)",Dr.Rajalakshmi College of Education ,Affiliated College,"New No. 323, OLD No. 175, N.S.K. SALAI, VADAPALANI, CHENNAI",www.vijayahospital.org,Private Un-Aided,2011,Para Medical,Urban,2018
Tamil Nadu,,Chennai,State Public University ,TAMIL NADU FISHERIES UNIVERSITY (Id: U-0665),Jaya College of Education ,Constituent / University College,,,,,,,NO
Tamil Nadu,,Chennai,State Public University ,TAMILNADU MUSIC AND FINE ARTS UNIVERSITY (Id: U-0983),Jayalakshmi Narayanaswami College of Education ,Affiliated College,,,,,,,NO
Tamil Nadu,,Chennai,State Public University ,"Tamilnadu Physical Education and Sports University, Chennai (Id: U-0486)",K.J.N. Educational College ,Affiliated College,"OLD No.333/NEW No.497, ANNA SALAI, NANDANAM, CHENNAI",www.ymcacollege.ac.in,Private Aided,1920,Education/Teacher Education,Urban,2018
Tamil Nadu,,Chennai,State Public University ,"Tamil Nadu Teacher Education University, Chennai (Id: U-0483)",Lady Willingdon Institute of Advanced Study In Education,Affiliated College,"#109, Dr.Radhakrishnan Road,, Mylapore, Chennai",www.bishopnewbigin.edu.in,Private Aided,2008,Education/Teacher Education,Urban,2018
Tamil Nadu,,Chennai,State Public University ,"Tamil Nadu Teacher Education University, Chennai (Id: U-0483)",Loyola College of Education ,Affiliated College,"Palavedu Village, Mittanamalli Post,, Avadi IAF, Chennai",www.drrajalakshmieducational.com,Private Un-Aided,2010,Education/Teacher Education,Rural,2018
Tamil Nadu,,Chennai,State Public University ,"Tamil Nadu Teacher Education University, Chennai (Id: U-0483)",Madha College of Education ,Affiliated College,"No.29, Annai Indira Nagar,, Tiruninravur, Chennai",www.jayace.in,Private Un-Aided,2006,No,Rural,2018
Tamil Nadu,,Chennai,State Public University ,"Tamil Nadu Teacher Education University, Chennai (Id: U-0483)",MEASI College of Education ,Affiliated College,"74/48, Bajanai Kovil street,  Pallipattu,, Tharamani Post, Chennai, Chennai",jnceducation.in,Private Un-Aided,2009,No,Rural,2018
Tamil Nadu,,Chennai,State Public University ,"Tamil Nadu Teacher Education University, Chennai (Id: U-0483)",Meston College of Education,Affiliated College,"usha garden, 90, Kannigaipair, Uthukottai",kjnedu.in,Private Un-Aided,2007,No,Rural,2018
Tamil Nadu,,Chennai,State Public University ,"Tamil Nadu Teacher Education University, Chennai (Id: U-0483)",National Institute for Empowerment of Persons with Multiple Disabilities NIEPMD) ,Affiliated College,"Kamaraj Salai,, Triplicane, Chennai",www.ladywillingdoniase.com,State Government,1922,Education/Teacher Education,Urban,2018
Tamil Nadu,,Chennai,State Public University ,"Tamil Nadu Teacher Education University, Chennai (Id: U-0483)",NATIONAL INSTITUTE FOR THE EMPOWERMENT OF PERSONS WITH VISUAL DISABILITIES ,Affiliated College,"Loyola College campus, Sterling Road, Nungambakkam, Chennai - 600 034",www.loyolacollegeofeducation.in,Private Un-Aided,2007,Education/Teacher Education,Urban,2018
Tamil Nadu,,Chennai,State Public University ,"Tamil Nadu Teacher Education University, Chennai (Id: U-0483)",Nazareth College of Education for Women ,Affiliated College,"No.2, Madha Nagar, Kundrathur,, Chennai-600 069., Chennai.",www.madhagroups.org,Private Un-Aided,2007,Education/Teacher Education,Rural,2018
Tamil Nadu,,Chennai,State Public University ,"Tamil Nadu Teacher Education University, Chennai (Id: U-0483)",N.K.T.National College of Education for Women,Affiliated College,"2, Demellows Road, Choolai, Chennai",www.measiedu.org,Private Un-Aided,2006,Education/Teacher Education,Urban,2018
Tamil Nadu,,Chennai,State Public University ,"Tamil Nadu Teacher Education University, Chennai (Id: U-0483)",Our Lady College of Education ,Affiliated College,"10, West Cott Road,, Royapettah,, Chennai - 600014.",www.mestoncollege.edu.in,Private Aided,1937,Education/Teacher Education,Urban,2018
Tamil Nadu,,Chennai,State Public University ,"Tamil Nadu Teacher Education University, Chennai (Id: U-0483)",Ponnusamy Nadar College of Education ,Affiliated College,"East coast Road(ECR),  Muttukadu, Kovalam Post, Chennai",www.niepmd.tn.nic.in,Central Government,2005,Rehabilitation,Rural,2018
Tamil Nadu,,Chennai,State Public University ,"Tamil Nadu Teacher Education University, Chennai (Id: U-0483)",Prof. S.A.College of Education ,Affiliated College,"522, TRUNK ROAD, POONAMALLEE, CHENNAI",www.nivhrc-chen.org,Central Government,1988,SPECIAL EDUCATION (VISUAL IMPAIRMENT),Rural,2018
Tamil Nadu,,Chennai,State Public University ,"Tamil Nadu Teacher Education University, Chennai (Id: U-0483)",Sathyasai B.Ed. College ,Affiliated College,"Kovilpathagai Main Road, Kannadapalayam,, Avadi, Chennai-62, Chennai",www.ncefw.in,Private Un-Aided,2005,Education/Teacher Education,Urban,2018
Tamil Nadu,,Chennai,State Public University ,"Tamil Nadu Teacher Education University, Chennai (Id: U-0483)",Sivanthi  College of  Education ,Affiliated College,"No. 41, Dr. Besant Road,, Triplicane, Chennai 600 005",www.nktnce.ac.in,Private Aided,1966,Education/Teacher Education,Urban,2018
Tamil Nadu,,Chennai,State Public University ,"Tamil Nadu Teacher Education University, Chennai (Id: U-0483)",Sri Muthukumaran College of Education ,Affiliated College,"Our lady Nagar,, Maduravoyal, Chennai",www.ourladycollegeofeducation.com,State Government,2004,No,Urban,2018
Tamil Nadu,,Chennai,State Public University ,"Tamil Nadu Teacher Education University, Chennai (Id: U-0483)",St.Christophers College of Education,Affiliated College,"R,28,TNHB colony, ayappakkam, chennai,77",nil,Private Un-Aided,2007,No,Urban,2018
Tamil Nadu,,Chennai,State Public University ,"Tamil Nadu Teacher Education University, Chennai (Id: U-0483)",Stella Matutina College of Education,Affiliated College,"1/145, sardar patel road, Rajiv Gandhi salai, semmancherry, chennai",www.psacen.com,Private Un-Aided,2007,No,Urban,2018
Tamil Nadu,,Chennai,State Public University ,"Tamil Nadu Teacher Education University, Chennai (Id: U-0483)","Madras Veterinary College, Chennai - 7 ",Affiliated College,"No.7,Rajaji Street,, Kamarajar Nagar,Avadi,Ch-71., chennai",sathyasaib.edcollege@yahoo.com,Private Un-Aided,2007,Education/Teacher Education,Urban,2018
Tamil Nadu,,Chennai,State Public University ,"Tamil Nadu Teacher Education University, Chennai (Id: U-0483)",Sivanthi  College of  Education (Id: C-14947),Affiliated College,"Metha Nagar, Andarkuppam,, Kundrathur, Chennai - 600 069.",www.sivanthi.com,Private Un-Aided,2008,No,Urban,2018
Tamil Nadu,,Chennai,State Public University ,"Tamil Nadu Teacher Education University, Chennai (Id: U-0483)",Sri Muthukumaran College of Education (Id: C-14485),Affiliated College,"Chikkarayapuram, Kundrathur Main Road, Chennai",www.smce-education.com,Private Un-Aided,2005,Education/Teacher Education,Rural,2018
Tamil Nadu,,Chennai,State Public University ,"Tamil Nadu Teacher Education University, Chennai (Id: U-0483)","St.Christophers College of Education,  Autonomous (Id: C-14394)",Affiliated College,"63, E.V.K Sampath Road, Vepery, Chennai",www.scced.edu.in,Private Aided,1923,Education/Teacher Education,Urban,2018
Tamil Nadu,,Chennai,State Public University ,"Tamil Nadu Teacher Education University, Chennai (Id: U-0483)","Stella Matutina College of Education,  (Autonomous) (Id: C-14896)",Affiliated College,"Door No.2c, 86th Street,, Kamarajar Salai, Ashok Nagar,, Chennai",www.smce-chennai.com,Private Aided,1961,No,Urban,2018
Tamil Nadu,,Chennai,State Public University ,"Tamilnadu Veterinary & Animal Sciences University, Chennai (Id: U-0487)","Madras Veterinary College, Chennai - 7 (Id: C-42741)",Constituent / University College,"Vepery High Road, Vepery, Chennai - 600 007",www.tanuvas.ac.in,University,1903,Veterinary,Urban,2018
,Generated On: 03/07/2019 08:18:56 PM,,,,,,,,,,,,
